{"masterVolume":-55.75510025024414,"musicVolume":-35.918365478515628,"sfxVolume":1.0}